comparison,frames,pose_rmse,pose_first50,pose_lastQ,depth_rmse,depth_rel,depth_tail_pct
"P1 PT flashcache vs PT mf16 (F16-KV contract, weights const)",1050,0.0023780670017004013,2.325535569980275e-05,0.003719488624483347,0.0006366650923155248,0.0004419834294822067,2.267178465429194
P1 PT mf16 vs checkpoint fp32 (f16 weight cost),1050,0.004124786704778671,0.00013830928946845233,0.003185154404491186,0.003807926084846258,0.002642451087012887,12.229540244117503
P1 PT flashcache vs checkpoint fp32 (f16w + F16-KV total),1050,0.0030610656831413507,0.00013597683573607355,0.002233177423477173,0.003948532044887543,0.0027400224935263395,12.573785572327848
P2 q8mix mirror vs f16 mirror (agg+depth q8 rounding),1050,0.03300877660512924,0.001028335769660771,0.05406850948929787,0.04370192810893059,0.030338602140545845,34.6631833833
P2 q8mix mirror vs checkpoint fp32 (q8mix weight cost),1050,0.030143721029162407,0.0009425173630006611,0.05115348845720291,0.0453324019908905,0.03145771473646164,34.72213467111426
P2 GGML q8mix strict vs q8mix mirror (engine parity),1050,0.0015366504667326808,4.824788265977986e-05,0.0025114750023931265,0.0006810117629356682,0.0004758025461342186,2.301479113432466
P2 GGML q8mix flash vs q8mix mirror (engine parity),1050,0.010381440632045269,5.250988033367321e-05,0.01646166853606701,0.0013056901516392827,0.0009122466435655951,8.106660388001497
P2 GGML q8mix strict vs checkpoint fp32 (total),1050,0.031328458338975906,0.0009496357524767518,0.05344577133655548,0.04517597332596779,0.03134916350245476,34.62755883747137
P2 GGML q8mix flash vs checkpoint fp32 (total),1050,0.04009179025888443,0.000956383184529841,0.06740329414606094,0.04478510841727257,0.031077930703759193,34.22644781391137
