row,reference,frames,pose_rmse,pose_max,depth_rmse,depth_rel,depth_max,depth_tail_pct
ggml_bal_f16_flash_cuda,bal_mf16,667,0.0010808384977281094,0.00656890869140625,0.00018263081437908113,0.0003398946845490312,0.04667949676513672,0.2515346131684883
ggml_bal_f16_flash_cuda,bal_fp32,667,0.0023669868241995573,0.011911392211914062,0.0006901181186549366,0.0012841272024007027,0.3244199752807617,1.5211973135411971
ggml_bal_f16_flash_vulkan,bal_mf16,667,0.001273181289434433,0.009087562561035156,0.00011931707558687776,0.00022206131563951977,0.03082895278930664,0.0652007923179865
ggml_bal_f16_flash_vulkan,bal_fp32,667,0.0008168076747097075,0.0036764144897460938,0.0006309371092356741,0.0011740070023466848,0.2927093505859375,1.2791658322026158
ggml_bal_f16_strict_cuda,bal_mf16,667,0.00033209481625817716,0.0017156600952148438,8.336102473549545e-05,0.00015514341545560864,0.020308971405029297,0.025750784946678873
ggml_bal_f16_strict_cuda,bal_fp32,667,0.0016882409108802676,0.007636070251464844,0.0006317828083410859,0.0011755805522804023,0.2962808609008789,1.324225014344775
ggml_bal_f16_strict_vulkan,bal_mf16,667,0.00015931289817672223,0.0006856918334960938,7.735790859442204e-05,0.0001439710057129807,0.02085399627685547,0.023630220379578806
ggml_bal_f16_strict_vulkan,bal_fp32,667,0.0015155997825786471,0.006439208984375,0.0006211971049197018,0.001155883445539933,0.2918977737426758,1.2703307720416361
ggml_bal_f32_flash_cuda,bal_fp32,667,0.0010644816793501377,0.0065517425537109375,0.0001424782385583967,0.00026511428989052244,0.06287860870361328,0.09812959449400853
ggml_bal_f32_flash_cuda,bal_fp32,667,0.0010644816793501377,0.0065517425537109375,0.0001424782385583967,0.00026511428989052244,0.06287860870361328,0.09812959449400853
ggml_bal_f32_flash_vulkan,bal_fp32,667,0.0014157649129629135,0.009340286254882812,0.00011618393182288855,0.00021618754910031546,0.03480052947998047,0.057673726407687066
ggml_bal_f32_flash_vulkan,bal_fp32,667,0.0014157649129629135,0.009340286254882812,0.00011618393182288855,0.00021618754910031546,0.03480052947998047,0.057673726407687066
ggml_bal_f32_strict_cuda,bal_fp32,667,0.00031619417131878436,0.0017213821411132812,8.458182855974883e-05,0.0001573844029864012,0.017244815826416016,0.04170756416265398
ggml_bal_f32_strict_cuda,bal_fp32,667,0.00031619417131878436,0.0017213821411132812,8.458182855974883e-05,0.0001573844029864012,0.017244815826416016,0.04170756416265398
ggml_bal_f32_strict_vulkan,bal_fp32,667,0.00016335440159309655,0.0008563995361328125,7.969124271767214e-05,0.0001482843171827792,0.01706075668334961,0.035160086486006076
ggml_bal_f32_strict_vulkan,bal_fp32,667,0.00016335440159309655,0.0008563995361328125,7.969124271767214e-05,0.0001482843171827792,0.01706075668334961,0.035160086486006076
ggml_bal_q8_flash_cuda,bal_mq8,667,0.0011229697847738862,0.0068950653076171875,0.00016273418441414833,0.000302993801724725,0.053612709045410156,0.18019356663496955
ggml_bal_q8_flash_cuda,bal_fp32,667,0.003363942727446556,0.017782092094421387,0.0058312383480370045,0.0108503912098326,2.8843162059783936,12.22613002446193
ggml_bal_q8_flash_vulkan,bal_mq8,667,0.0013322776649147272,0.008884429931640625,0.0001371021062368527,0.0002552695995074984,0.03919553756713867,0.11034254511585563
ggml_bal_q8_flash_vulkan,bal_fp32,667,0.002603434259071946,0.016474604606628418,0.005870636086910963,0.010923699834139917,2.893148899078369,12.155323810584717
ggml_bal_q8_strict_cuda,bal_mq8,667,0.00012019936548313126,0.0010023117065429688,8.084229193627834e-05,0.00015051977915963636,0.017664670944213867,0.027201401239040246
ggml_bal_q8_strict_cuda,bal_fp32,667,0.0027799031231552362,0.017055869102478027,0.005844505038112402,0.010875076912394335,2.886542558670044,12.04713560894057
ggml_bal_q8_strict_vulkan,bal_mq8,667,9.057622082764283e-05,0.0005970001220703125,7.832372648408636e-05,0.00014583047759706032,0.01677703857421875,0.02399803511865103
ggml_bal_q8_strict_vulkan,bal_fp32,667,0.002763736993074417,0.016924262046813965,0.005841144826263189,0.010868824694858982,2.887637138366699,12.039935072441487
ggml_long_f16_flash_cuda,long_mf16,667,0.0005636772839352489,0.0031309127807617188,0.0006490711239166558,0.000728077297827586,0.4200553894042969,1.7407808361615034
ggml_long_f16_flash_cuda,long_fp32,667,0.0006512419204227626,0.0036945343017578125,0.0018680220237001777,0.0020949072943666973,0.6421012878417969,5.449518778218521
ggml_long_f16_flash_vulkan,long_mf16,667,0.00038075566408224404,0.0029020309448242188,0.0005983206210657954,0.0006711493522794361,0.19632339477539062,1.9922835470311946
ggml_long_f16_flash_vulkan,long_fp32,667,0.0004948452697135508,0.0028423070907592773,0.0021013047080487013,0.0023565238481425633,0.8715324401855469,6.117569804481695
ggml_long_f16_strict_cuda,long_mf16,667,0.0001518618082627654,0.0011272430419921875,0.0005081591662019491,0.000570013305722022,0.09770345687866211,1.508873643176466
ggml_long_f16_strict_cuda,long_fp32,667,0.0004328418872319162,0.0026847124099731445,0.002059721853584051,0.0023098905911202367,0.9825229644775391,5.709002693604917
ggml_long_f16_strict_vulkan,long_mf16,667,0.000131146443891339,0.0008668899536132812,0.0005398090579546988,0.0006055156799772178,0.10482358932495117,1.5113789119349428
ggml_long_f16_strict_vulkan,long_fp32,667,0.00045308706467039883,0.0027447938919067383,0.0020773280411958694,0.0023296350898860223,0.9681415557861328,5.556256363570307
ggml_long_f32_flash_cuda,long_fp32,667,0.0005188148934394121,0.0031690597534179688,0.0006015683175064623,0.0006746332736615226,0.31121826171875,2.1038627753768897
ggml_long_f32_flash_cuda,long_fp32,667,0.0005188148934394121,0.0031690597534179688,0.0006015683175064623,0.0006746332736615226,0.31121826171875,2.1038627753768897
ggml_long_f32_flash_vulkan,long_fp32,667,0.0003953449777327478,0.0021848678588867188,0.0005841365782544017,0.0006550843517101331,0.1496896743774414,2.187799600117821
ggml_long_f32_flash_vulkan,long_fp32,667,0.0003953449777327478,0.0021848678588867188,0.0005841365782544017,0.0006550843517101331,0.1496896743774414,2.187799600117821
ggml_long_f32_strict_cuda,long_fp32,667,0.00011695450666593388,0.0006983280181884766,0.0005055185174569488,0.0005669175559143155,0.11371326446533203,1.7478537634653974
ggml_long_f32_strict_cuda,long_fp32,667,0.00011695450666593388,0.0006983280181884766,0.0005055185174569488,0.0005669175559143155,0.11371326446533203,1.7478537634653974
ggml_long_f32_strict_vulkan,long_fp32,667,0.0002564694150350988,0.001729130744934082,0.0004996900679543614,0.000560381180750614,0.12235832214355469,1.7039449406857448
ggml_long_f32_strict_vulkan,long_fp32,667,0.0002564694150350988,0.001729130744934082,0.0004996900679543614,0.000560381180750614,0.12235832214355469,1.7039449406857448
ggml_long_q8_flash_cuda,long_mq8,667,0.0004286744515411556,0.0024900436401367188,0.0006570882978849113,0.000738652437909699,0.17052459716796875,2.253623425565256
ggml_long_q8_flash_cuda,long_fp32,667,0.006025097332894802,0.04658317565917969,0.016913652420043945,0.01896794156308363,8.347850799560547,27.867620698031303
ggml_long_q8_flash_vulkan,long_mq8,667,0.0005402666865848005,0.0038919448852539062,0.000603869033511728,0.0006788271212642751,0.25884246826171875,1.8341663711638048
ggml_long_q8_flash_vulkan,long_fp32,667,0.005219256971031427,0.041347503662109375,0.017167888581752777,0.019253057672758183,8.629324913024902,28.006194900976766
ggml_long_q8_strict_cuda,long_mq8,667,0.00022535033349413425,0.0014858245849609375,0.0004580223758239299,0.0005148765486830516,0.08154869079589844,1.273156940393895
ggml_long_q8_strict_cuda,long_fp32,667,0.005608847364783287,0.04440879821777344,0.017033778131008148,0.01910265781721731,8.378336906433105,28.277807319723486
ggml_long_q8_strict_vulkan,long_mq8,667,8.354231977136806e-05,0.0006532669067382812,0.000507502059917897,0.0005704981381115588,0.07017898559570312,1.7590796194303464
ggml_long_q8_strict_vulkan,long_fp32,667,0.005618673283606768,0.044371604919433594,0.016967032104730606,0.019027805602848072,8.388768196105957,28.247867950605333
pt_long_bf16,long_fp32 (PT self-noise),667,0.013005170971155167,0.06854057312011719,0.04632987827062607,0.05195698818285963,13.02609920501709,49.177367323218476
pt_bal_bf16,bal_fp32 (PT self-noise),667,0.007656339555978775,0.054512977600097656,0.011252730153501034,0.02093835193485181,5.791259288787842,34.782802394008556
